<?xml version="1.0" encoding="UTF-8"?>
<config xmlns="http://www.knime.org/2008/09/XMLConfig" xmlns:xsi="http://www.w3.org/2001/XMLSchema-instance" xsi:schemaLocation="http://www.knime.org/2008/09/XMLConfig http://www.knime.org/XMLConfig_2008_09.xsd" key="MiningSchema">
    <config key="learning">
        <entry key="array-size" type="xint" value="36"/>
        <entry key="0" type="xstring" value="ï»¿Marital status"/>
        <entry key="1" type="xstring" value="Application mode"/>
        <entry key="2" type="xstring" value="Application order"/>
        <entry key="3" type="xstring" value="Course"/>
        <entry key="4" type="xstring" value="Daytime/evening attendance"/>
        <entry key="5" type="xstring" value="Previous qualification"/>
        <entry key="6" type="xstring" value="Previous qualification (grade)"/>
        <entry key="7" type="xstring" value="Nacionality"/>
        <entry key="8" type="xstring" value="Mother's qualification"/>
        <entry key="9" type="xstring" value="Father's qualification"/>
        <entry key="10" type="xstring" value="Mother's occupation"/>
        <entry key="11" type="xstring" value="Father's occupation"/>
        <entry key="12" type="xstring" value="Admission grade"/>
        <entry key="13" type="xstring" value="Displaced"/>
        <entry key="14" type="xstring" value="Educational special needs"/>
        <entry key="15" type="xstring" value="Debtor"/>
        <entry key="16" type="xstring" value="Tuition fees up to date"/>
        <entry key="17" type="xstring" value="Gender"/>
        <entry key="18" type="xstring" value="Scholarship holder"/>
        <entry key="19" type="xstring" value="Age at enrollment"/>
        <entry key="20" type="xstring" value="International"/>
        <entry key="21" type="xstring" value="Curricular units 1st sem (credited)"/>
        <entry key="22" type="xstring" value="Curricular units 1st sem (enrolled)"/>
        <entry key="23" type="xstring" value="Curricular units 1st sem (evaluations)"/>
        <entry key="24" type="xstring" value="Curricular units 1st sem (approved)"/>
        <entry key="25" type="xstring" value="Curricular units 1st sem (grade)"/>
        <entry key="26" type="xstring" value="Curricular units 1st sem (without evaluations)"/>
        <entry key="27" type="xstring" value="Curricular units 2nd sem (credited)"/>
        <entry key="28" type="xstring" value="Curricular units 2nd sem (enrolled)"/>
        <entry key="29" type="xstring" value="Curricular units 2nd sem (evaluations)"/>
        <entry key="30" type="xstring" value="Curricular units 2nd sem (approved)"/>
        <entry key="31" type="xstring" value="Curricular units 2nd sem (grade)"/>
        <entry key="32" type="xstring" value="Curricular units 2nd sem (without evaluations)"/>
        <entry key="33" type="xstring" value="Unemployment rate"/>
        <entry key="34" type="xstring" value="Inflation rate"/>
        <entry key="35" type="xstring" value="GDP"/>
    </config>
    <config key="target">
        <entry key="array-size" type="xint" value="1"/>
        <entry key="0" type="xstring" value="Target"/>
    </config>
</config>
