<?xml version="1.0" encoding="UTF-8"?>
<config xmlns="http://www.knime.org/2008/09/XMLConfig" xmlns:xsi="http://www.w3.org/2001/XMLSchema-instance" xsi:schemaLocation="http://www.knime.org/2008/09/XMLConfig http://www.knime.org/XMLConfig_2008_09.xsd" key="model.xml">
    <entry key="version" type="xint" value="1"/>
    <entry key="class_name" type="xstring" value="org.knime.base.data.normalize.NormalizerPortObject"/>
    <config key="model">
        <config key="columns">
            <config key="ï»¿Marital status">
                <entry key="column_name" type="xstring" value="ï»¿Marital status"/>
                <entry key="column_scale" type="xdouble" value="0.2"/>
                <entry key="column_translate" type="xdouble" value="-0.2"/>
                <entry key="column_min" type="xdouble" value="0.0"/>
                <entry key="column_max" type="xdouble" value="1.0"/>
            </config>
            <config key="Application mode">
                <entry key="column_name" type="xstring" value="Application mode"/>
                <entry key="column_scale" type="xdouble" value="0.017857142857142856"/>
                <entry key="column_translate" type="xdouble" value="-0.017857142857142856"/>
                <entry key="column_min" type="xdouble" value="0.0"/>
                <entry key="column_max" type="xdouble" value="1.0"/>
            </config>
            <config key="Application order">
                <entry key="column_name" type="xstring" value="Application order"/>
                <entry key="column_scale" type="xdouble" value="0.1111111111111111"/>
                <entry key="column_translate" type="xdouble" value="0.0"/>
                <entry key="column_min" type="xdouble" value="0.0"/>
                <entry key="column_max" type="xdouble" value="1.0"/>
            </config>
            <config key="Course">
                <entry key="column_name" type="xstring" value="Course"/>
                <entry key="column_scale" type="xdouble" value="1.004217714400482E-4"/>
                <entry key="column_translate" type="xdouble" value="-0.003313918457521591"/>
                <entry key="column_min" type="xdouble" value="0.0"/>
                <entry key="column_max" type="xdouble" value="1.0"/>
            </config>
            <config key="Daytime/evening attendance">
                <entry key="column_name" type="xstring" value="Daytime/evening attendance"/>
                <entry key="column_scale" type="xdouble" value="1.0"/>
                <entry key="column_translate" type="xdouble" value="0.0"/>
                <entry key="column_min" type="xdouble" value="0.0"/>
                <entry key="column_max" type="xdouble" value="1.0"/>
            </config>
            <config key="Previous qualification">
                <entry key="column_name" type="xstring" value="Previous qualification"/>
                <entry key="column_scale" type="xdouble" value="0.023809523809523808"/>
                <entry key="column_translate" type="xdouble" value="-0.023809523809523808"/>
                <entry key="column_min" type="xdouble" value="0.0"/>
                <entry key="column_max" type="xdouble" value="1.0"/>
            </config>
            <config key="Previous qualification (grade)">
                <entry key="column_name" type="xstring" value="Previous qualification (grade)"/>
                <entry key="column_scale" type="xdouble" value="0.010526315789473684"/>
                <entry key="column_translate" type="xdouble" value="-1.0"/>
                <entry key="column_min" type="xdouble" value="0.0"/>
                <entry key="column_max" type="xdouble" value="1.0"/>
            </config>
            <config key="Nacionality">
                <entry key="column_name" type="xstring" value="Nacionality"/>
                <entry key="column_scale" type="xdouble" value="0.009259259259259259"/>
                <entry key="column_translate" type="xdouble" value="-0.009259259259259259"/>
                <entry key="column_min" type="xdouble" value="0.0"/>
                <entry key="column_max" type="xdouble" value="1.0"/>
            </config>
            <config key="Mother's qualification">
                <entry key="column_name" type="xstring" value="Mother's qualification"/>
                <entry key="column_scale" type="xdouble" value="0.023255813953488372"/>
                <entry key="column_translate" type="xdouble" value="-0.023255813953488372"/>
                <entry key="column_min" type="xdouble" value="0.0"/>
                <entry key="column_max" type="xdouble" value="1.0"/>
            </config>
            <config key="Father's qualification">
                <entry key="column_name" type="xstring" value="Father's qualification"/>
                <entry key="column_scale" type="xdouble" value="0.023255813953488372"/>
                <entry key="column_translate" type="xdouble" value="-0.023255813953488372"/>
                <entry key="column_min" type="xdouble" value="0.0"/>
                <entry key="column_max" type="xdouble" value="1.0"/>
            </config>
            <config key="Mother's occupation">
                <entry key="column_name" type="xstring" value="Mother's occupation"/>
                <entry key="column_scale" type="xdouble" value="0.005154639175257732"/>
                <entry key="column_translate" type="xdouble" value="0.0"/>
                <entry key="column_min" type="xdouble" value="0.0"/>
                <entry key="column_max" type="xdouble" value="1.0"/>
            </config>
            <config key="Father's occupation">
                <entry key="column_name" type="xstring" value="Father's occupation"/>
                <entry key="column_scale" type="xdouble" value="0.005128205128205128"/>
                <entry key="column_translate" type="xdouble" value="0.0"/>
                <entry key="column_min" type="xdouble" value="0.0"/>
                <entry key="column_max" type="xdouble" value="1.0"/>
            </config>
            <config key="Admission grade">
                <entry key="column_name" type="xstring" value="Admission grade"/>
                <entry key="column_scale" type="xdouble" value="0.010526315789473684"/>
                <entry key="column_translate" type="xdouble" value="-1.0"/>
                <entry key="column_min" type="xdouble" value="0.0"/>
                <entry key="column_max" type="xdouble" value="1.0"/>
            </config>
            <config key="Displaced">
                <entry key="column_name" type="xstring" value="Displaced"/>
                <entry key="column_scale" type="xdouble" value="1.0"/>
                <entry key="column_translate" type="xdouble" value="0.0"/>
                <entry key="column_min" type="xdouble" value="0.0"/>
                <entry key="column_max" type="xdouble" value="1.0"/>
            </config>
            <config key="Educational special needs">
                <entry key="column_name" type="xstring" value="Educational special needs"/>
                <entry key="column_scale" type="xdouble" value="1.0"/>
                <entry key="column_translate" type="xdouble" value="0.0"/>
                <entry key="column_min" type="xdouble" value="0.0"/>
                <entry key="column_max" type="xdouble" value="1.0"/>
            </config>
            <config key="Debtor">
                <entry key="column_name" type="xstring" value="Debtor"/>
                <entry key="column_scale" type="xdouble" value="1.0"/>
                <entry key="column_translate" type="xdouble" value="0.0"/>
                <entry key="column_min" type="xdouble" value="0.0"/>
                <entry key="column_max" type="xdouble" value="1.0"/>
            </config>
            <config key="Tuition fees up to date">
                <entry key="column_name" type="xstring" value="Tuition fees up to date"/>
                <entry key="column_scale" type="xdouble" value="1.0"/>
                <entry key="column_translate" type="xdouble" value="0.0"/>
                <entry key="column_min" type="xdouble" value="0.0"/>
                <entry key="column_max" type="xdouble" value="1.0"/>
            </config>
            <config key="Gender">
                <entry key="column_name" type="xstring" value="Gender"/>
                <entry key="column_scale" type="xdouble" value="1.0"/>
                <entry key="column_translate" type="xdouble" value="0.0"/>
                <entry key="column_min" type="xdouble" value="0.0"/>
                <entry key="column_max" type="xdouble" value="1.0"/>
            </config>
            <config key="Scholarship holder">
                <entry key="column_name" type="xstring" value="Scholarship holder"/>
                <entry key="column_scale" type="xdouble" value="1.0"/>
                <entry key="column_translate" type="xdouble" value="0.0"/>
                <entry key="column_min" type="xdouble" value="0.0"/>
                <entry key="column_max" type="xdouble" value="1.0"/>
            </config>
            <config key="Age at enrollment">
                <entry key="column_name" type="xstring" value="Age at enrollment"/>
                <entry key="column_scale" type="xdouble" value="0.018867924528301886"/>
                <entry key="column_translate" type="xdouble" value="-0.32075471698113206"/>
                <entry key="column_min" type="xdouble" value="0.0"/>
                <entry key="column_max" type="xdouble" value="1.0"/>
            </config>
            <config key="International">
                <entry key="column_name" type="xstring" value="International"/>
                <entry key="column_scale" type="xdouble" value="1.0"/>
                <entry key="column_translate" type="xdouble" value="0.0"/>
                <entry key="column_min" type="xdouble" value="0.0"/>
                <entry key="column_max" type="xdouble" value="1.0"/>
            </config>
            <config key="Curricular units 1st sem (credited)">
                <entry key="column_name" type="xstring" value="Curricular units 1st sem (credited)"/>
                <entry key="column_scale" type="xdouble" value="0.05"/>
                <entry key="column_translate" type="xdouble" value="0.0"/>
                <entry key="column_min" type="xdouble" value="0.0"/>
                <entry key="column_max" type="xdouble" value="1.0"/>
            </config>
            <config key="Curricular units 1st sem (enrolled)">
                <entry key="column_name" type="xstring" value="Curricular units 1st sem (enrolled)"/>
                <entry key="column_scale" type="xdouble" value="0.038461538461538464"/>
                <entry key="column_translate" type="xdouble" value="0.0"/>
                <entry key="column_min" type="xdouble" value="0.0"/>
                <entry key="column_max" type="xdouble" value="1.0"/>
            </config>
            <config key="Curricular units 1st sem (evaluations)">
                <entry key="column_name" type="xstring" value="Curricular units 1st sem (evaluations)"/>
                <entry key="column_scale" type="xdouble" value="0.022222222222222223"/>
                <entry key="column_translate" type="xdouble" value="0.0"/>
                <entry key="column_min" type="xdouble" value="0.0"/>
                <entry key="column_max" type="xdouble" value="1.0"/>
            </config>
            <config key="Curricular units 1st sem (approved)">
                <entry key="column_name" type="xstring" value="Curricular units 1st sem (approved)"/>
                <entry key="column_scale" type="xdouble" value="0.038461538461538464"/>
                <entry key="column_translate" type="xdouble" value="0.0"/>
                <entry key="column_min" type="xdouble" value="0.0"/>
                <entry key="column_max" type="xdouble" value="1.0"/>
            </config>
            <config key="Curricular units 1st sem (grade)">
                <entry key="column_name" type="xstring" value="Curricular units 1st sem (grade)"/>
                <entry key="column_scale" type="xdouble" value="0.052980132450331126"/>
                <entry key="column_translate" type="xdouble" value="0.0"/>
                <entry key="column_min" type="xdouble" value="0.0"/>
                <entry key="column_max" type="xdouble" value="1.0"/>
            </config>
            <config key="Curricular units 1st sem (without evaluations)">
                <entry key="column_name" type="xstring" value="Curricular units 1st sem (without evaluations)"/>
                <entry key="column_scale" type="xdouble" value="0.08333333333333333"/>
                <entry key="column_translate" type="xdouble" value="0.0"/>
                <entry key="column_min" type="xdouble" value="0.0"/>
                <entry key="column_max" type="xdouble" value="1.0"/>
            </config>
            <config key="Curricular units 2nd sem (credited)">
                <entry key="column_name" type="xstring" value="Curricular units 2nd sem (credited)"/>
                <entry key="column_scale" type="xdouble" value="0.05263157894736842"/>
                <entry key="column_translate" type="xdouble" value="0.0"/>
                <entry key="column_min" type="xdouble" value="0.0"/>
                <entry key="column_max" type="xdouble" value="1.0"/>
            </config>
            <config key="Curricular units 2nd sem (enrolled)">
                <entry key="column_name" type="xstring" value="Curricular units 2nd sem (enrolled)"/>
                <entry key="column_scale" type="xdouble" value="0.043478260869565216"/>
                <entry key="column_translate" type="xdouble" value="0.0"/>
                <entry key="column_min" type="xdouble" value="0.0"/>
                <entry key="column_max" type="xdouble" value="1.0"/>
            </config>
            <config key="Curricular units 2nd sem (evaluations)">
                <entry key="column_name" type="xstring" value="Curricular units 2nd sem (evaluations)"/>
                <entry key="column_scale" type="xdouble" value="0.030303030303030304"/>
                <entry key="column_translate" type="xdouble" value="0.0"/>
                <entry key="column_min" type="xdouble" value="0.0"/>
                <entry key="column_max" type="xdouble" value="1.0"/>
            </config>
            <config key="Curricular units 2nd sem (approved)">
                <entry key="column_name" type="xstring" value="Curricular units 2nd sem (approved)"/>
                <entry key="column_scale" type="xdouble" value="0.05"/>
                <entry key="column_translate" type="xdouble" value="0.0"/>
                <entry key="column_min" type="xdouble" value="0.0"/>
                <entry key="column_max" type="xdouble" value="1.0"/>
            </config>
            <config key="Curricular units 2nd sem (grade)">
                <entry key="column_name" type="xstring" value="Curricular units 2nd sem (grade)"/>
                <entry key="column_scale" type="xdouble" value="0.05384615384615384"/>
                <entry key="column_translate" type="xdouble" value="0.0"/>
                <entry key="column_min" type="xdouble" value="0.0"/>
                <entry key="column_max" type="xdouble" value="1.0"/>
            </config>
            <config key="Curricular units 2nd sem (without evaluations)">
                <entry key="column_name" type="xstring" value="Curricular units 2nd sem (without evaluations)"/>
                <entry key="column_scale" type="xdouble" value="0.08333333333333333"/>
                <entry key="column_translate" type="xdouble" value="0.0"/>
                <entry key="column_min" type="xdouble" value="0.0"/>
                <entry key="column_max" type="xdouble" value="1.0"/>
            </config>
            <config key="Unemployment rate">
                <entry key="column_name" type="xstring" value="Unemployment rate"/>
                <entry key="column_scale" type="xdouble" value="0.11627906976744186"/>
                <entry key="column_translate" type="xdouble" value="-0.883720930232558"/>
                <entry key="column_min" type="xdouble" value="0.0"/>
                <entry key="column_max" type="xdouble" value="1.0"/>
            </config>
            <config key="Inflation rate">
                <entry key="column_name" type="xstring" value="Inflation rate"/>
                <entry key="column_scale" type="xdouble" value="0.2222222222222222"/>
                <entry key="column_translate" type="xdouble" value="0.17777777777777778"/>
                <entry key="column_min" type="xdouble" value="0.0"/>
                <entry key="column_max" type="xdouble" value="1.0"/>
            </config>
            <config key="GDP">
                <entry key="column_name" type="xstring" value="GDP"/>
                <entry key="column_scale" type="xdouble" value="0.13210039630118892"/>
                <entry key="column_translate" type="xdouble" value="0.5363276089828269"/>
                <entry key="column_min" type="xdouble" value="0.0"/>
                <entry key="column_max" type="xdouble" value="1.0"/>
            </config>
            <config key="Dropout">
                <entry key="column_name" type="xstring" value="Dropout"/>
                <entry key="column_scale" type="xdouble" value="1.0"/>
                <entry key="column_translate" type="xdouble" value="0.0"/>
                <entry key="column_min" type="xdouble" value="0.0"/>
                <entry key="column_max" type="xdouble" value="1.0"/>
            </config>
            <config key="Graduate">
                <entry key="column_name" type="xstring" value="Graduate"/>
                <entry key="column_scale" type="xdouble" value="1.0"/>
                <entry key="column_translate" type="xdouble" value="0.0"/>
                <entry key="column_min" type="xdouble" value="0.0"/>
                <entry key="column_max" type="xdouble" value="1.0"/>
            </config>
            <config key="Enrolled">
                <entry key="column_name" type="xstring" value="Enrolled"/>
                <entry key="column_scale" type="xdouble" value="1.0"/>
                <entry key="column_translate" type="xdouble" value="0.0"/>
                <entry key="column_min" type="xdouble" value="0.0"/>
                <entry key="column_max" type="xdouble" value="1.0"/>
            </config>
        </config>
        <entry key="summary" type="xstring" value="Min/Max (0.0, 1) normalization on 39 column(s)"/>
    </config>
</config>
